{
  "runtime_s": 0.008528165984898806,
  "steps": 4001,
  "per_step_s": 2.131508619069934e-06,
  "throughput_steps_per_s": 469151.2814226112
}