{
  "verification_relL2_Th": 7.038394679137306e-06,
  "verification_relL2_mdot": 6.959228229553929e-05,
  "performance": {
    "runtime_s": 0.008528165984898806,
    "steps": 4001,
    "per_step_s": 2.131508619069934e-06,
    "throughput_steps_per_s": 469151.2814226112
  },
  "enkf": {
    "Normal": {
      "rmse_model": 0.7052385669564523,
      "rmse_assim": 0.7002782619860937
    },
    "Pump_degraded": {
      "rmse_model": 0.704786517725084,
      "rmse_assim": 0.6997220598626662
    },
    "Fouled_SG": {
      "rmse_model": 0.7045345188663968,
      "rmse_assim": 0.6996072188274487
    }
  }
}